{
  "cuisine": {
    "precision": 1.0,
    "recall": 1.0,
    "f1-score": 1.0,
    "support": 22
  },
  "location": {
    "precision": 1.0,
    "recall": 1.0,
    "f1-score": 1.0,
    "support": 25
  },
  "people": {
    "precision": 1.0,
    "recall": 1.0,
    "f1-score": 1.0,
    "support": 1
  },
  "price": {
    "precision": 1.0,
    "recall": 1.0,
    "f1-score": 1.0,
    "support": 1
  },
  "micro avg": {
    "precision": 1.0,
    "recall": 1.0,
    "f1-score": 1.0,
    "support": 49
  },
  "macro avg": {
    "precision": 1.0,
    "recall": 1.0,
    "f1-score": 1.0,
    "support": 49
  },
  "weighted avg": {
    "precision": 1.0,
    "recall": 1.0,
    "f1-score": 1.0,
    "support": 49
  }
}